Query,Rank,Score,Chunk_ID,Case_ID,Court,Case_Title,Chunk_Text
Article 226 writ petition,1,0.6067553758621216,CASE0043_CHUNK_0201,CASE0043,Supreme Court Of India,Kaushal Kishor vs The State Of Uttar Pradesh Govt. Of U.P. ...,"on 3 January, 2023 this Court under Article 32 of the Constitution by approaching this Court directly, it has to be shown by the Petitioner as to why the concerned High Court has not been approached. In cases where it would be futile to approach the High Court, and where satisfactory reasons are indicated in this regard, a petition seeking issuance of a writ of habeas corpus, may be entertained. However, in the absence of such circumstances, filing a petition under Article 32 of the Constitution"
Article 226 writ petition,2,0.5962219834327698,CASE0016_CHUNK_0063,CASE0016,Supreme Court Of India,"Bilkis Yakub Rasool vs Union Of India on 8 January, 2024","Therefore, the only remedy open to the petitioner was to file a curative petition in terms of the judgment of this Court in Rupa Ashok Hurrah and not challenging the remission orders by filing a fresh writ petition. We shall answer this contention in detail while considering point No.3. One of the contentions raised by learned Senior Counsel, Sri S. Guru Krishna Kumar appearing for one of the private respondents was that the petitioner in Writ Petition (Crl.) No.491 of 2022, Bilkis Bano, ought t"
Article 226 writ petition,3,0.5947668552398682,CASE0016_CHUNK_0064,CASE0016,Supreme Court Of India,"Bilkis Yakub Rasool vs Union Of India on 8 January, 2024","In the instant case, the petitioner - Bilkis Bano has filed her writ petition under Article 32 of the Constitution in order to enforce her Fundamental Rights under Article 21 of the Constitution which speaks of right to life and liberty and Article 14 which deals with right to equality and equal protection of the laws. The object and purpose of Article 32 of the Constitution which is also recognised to be the ""soul of the Constitution"" and which is a Fundamental Right in itself is for the enforc"
Article 226 writ petition,4,0.5944457054138184,CASE0016_CHUNK_0109,CASE0016,Supreme Court Of India,"Bilkis Yakub Rasool vs Union Of India on 8 January, 2024","Rather, he complied with the order of the Gujarat High Court by filing remission application dated 01.08.2019 before the Government of Maharashtra where, not only the process for consideration of the remission prayer was initiated, but opinions of various authorities were also obtained. When the opinions were found to be negative, respondent No.3 filed Writ Petition (Crl.) No.135 of 2022 before this Court seeking a direction to the State of Gujarat to consider his remission application suppressi"
Article 226 writ petition,5,0.5927994251251221,CASE0043_CHUNK_0198,CASE0043,Supreme Court Of India,Kaushal Kishor vs The State Of Uttar Pradesh Govt. Of U.P. ...,"Therefore, on account of availability of an alternate remedy under common law, the Courts would be reluctant to entertain a writ petition under Articles 226 or 32, as the case may be. v) Further, it is trite that Writ Courts do not enter into adjudication of disputed questions of fact. But, questions regarding infringement of the fundamental rights under Article 19/21, by a private entity, would invariably involve disputed questions of fact. Therefore, this is another difficulty that must be bor"
Article 32 fundamental rights,1,0.5926645398139954,CASE0043_CHUNK_0129,CASE0043,Supreme Court Of India,Kaushal Kishor vs The State Of Uttar Pradesh Govt. Of U.P. ...,"2) Can a fundamental A fundamental right The rights in the realm right under Article 19 or under Article 19/21 of common law, which 21 of the Constitution of can be enforced even may be similar in their India be claimed other against persons other content to the than against the 'State' than the State or its Fundamental Rights or its instrumentalities? under Article 19/21, operate horizontally; However, the Fundamental Rights under Articles 19 and 21, do not except those rights which have also b"
Article 32 fundamental rights,2,0.5926474928855896,CASE0043_CHUNK_0032,CASE0043,Supreme Court Of India,Kaushal Kishor vs The State Of Uttar Pradesh Govt. Of U.P. ...,"on 3 January, 2023 imposed only by or under the authority of law and not by exercise of the executive power; (ii) that such restriction must be reasonable; and (iii) that the restriction must be related to the purposes mentioned in clause (2) of Article 19. That the eight heads of restrictions contained in clause (2) of Article 19 are exhaustive can be established from another perspective also. The nature of the restrictions on free speech imposed by law/judicial pronouncements even in countries"
Article 32 fundamental rights,3,0.5867130756378174,CASE0043_CHUNK_0034,CASE0043,Supreme Court Of India,Kaushal Kishor vs The State Of Uttar Pradesh Govt. Of U.P. ...,"on 3 January, 2023 12 and 13 of the Convention on the Rights of the Child (CRC) and Article 21 of the Convention on the Rights of Persons with Disabilities (CRPD). European Article 10(1), Article 10(2), 1. In the interests of Union European European national security, Convention on Convention on territorial integrity Human Rights, Human Rights, or public safety, 1950 1950 2. For the prevention of disorder or crime, 3. For the protection of health or morals, 4. For the protection of the reputatio"
Article 32 fundamental rights,4,0.5861259698867798,CASE0043_CHUNK_0011,CASE0043,Supreme Court Of India,Kaushal Kishor vs The State Of Uttar Pradesh Govt. Of U.P. ...,"The Constitution imposes a solemn obligation on the Minister as a Constitutional functionary to protect the fundamental rights of the Kaushal Kishor vs The State Of Uttar Pradesh Govt. on 3 January, 2023 citizens. The code of conduct for Ministers (Both for Union and States) specifically lays down that the Code is in addition to the "". observance of the provisions of the Constitution, the Representation of the People Act, 1951"". Therefore, a Constitutional functionary is duty bound to act in a m"
Article 32 fundamental rights,5,0.5854026675224304,CASE0043_CHUNK_0187,CASE0043,Supreme Court Of India,Kaushal Kishor vs The State Of Uttar Pradesh Govt. Of U.P. ...,Such a construct is contrary to the basic foundation of the Rule of law which imposes restraints upon the powers vested in the modern state when it deals with the liberties of the individual. The power of the Court to issue a Writ of Habeas Corpus is a precious and undeniable feature of the Rule of law. A constitutional democracy can survive when citizens have an undiluted assurance that the Rule of law will protect their rights and liberties against any invasion by the state and that judicial r
promotion rules for government employees,1,0.6601338386535645,CASE0002_CHUNK_0021,CASE0002,High Court Of Meghalaya,"2024:Mlhc:62 vs The State Of Meghalaya Through Its on 11 July,","Upon hearing the learned counsels for the parties, in the given facts of the case, it is necessary that the relevant provisions of the Meghalaya Services (Revision of Pay) Rules, 2018, and the Memorandum dated 01.12.2017 be examined, as also the impugned letter dated 23.03.2020, Memo dated 09.02.2022 and the purport of the interpretation dated 19.03.2020 of the Finance (Pay Revision) Department. Firstly, on the implementation of the recommendations of the Fifth Meghalaya Pay Commission, by Offic"
promotion rules for government employees,2,0.6601338386535645,CASE0001_CHUNK_0021,CASE0001,High Court Of Meghalaya,"2024:Mlhc:62 vs The State Of Meghalaya Through Its on 11 July,","Upon hearing the learned counsels for the parties, in the given facts of the case, it is necessary that the relevant provisions of the Meghalaya Services (Revision of Pay) Rules, 2018, and the Memorandum dated 01.12.2017 be examined, as also the impugned letter dated 23.03.2020, Memo dated 09.02.2022 and the purport of the interpretation dated 19.03.2020 of the Finance (Pay Revision) Department. Firstly, on the implementation of the recommendations of the Fifth Meghalaya Pay Commission, by Offic"
promotion rules for government employees,3,0.6544013023376465,CASE0145_CHUNK_0034,CASE0145,,,"As a concession however, it has provided that the quota of direct recruits through competitive examination will be 25 per cent instead of 50 per cent as there are large number of temporary Assistant Engineers from whom the selection can be made to the vacancies in the permanent posts of Assistant Engineers by selection. This memorandum has subsequently been incorporated in the amended rules of U.P. Service of Engineers 1969. In Rule 5 of the said Rules provision has been made for direct recruitm"
promotion rules for government employees,4,0.6518293023109436,CASE0064_CHUNK_0062,CASE0064,High Court Of Karnataka,Mr Tanay Appachu Shastry vs The State Of Karnataka on 22,"It must always be kept in mind that doctor's is a noble profession and the aim must be to serve humanity, otherwise this dignified profession will lose its true worth"" 19. A glimpse of impugned 2012 Act as amended by 2017 Act: (i) The impugned law has been enacted by the State Legislature vide Karnataka Act No. 26 of 2015 for the avowed purpose of providing ""for Compulsory Service by candidates completed medical courses before award of degrees or post-graduate degrees or diplomas"" the Preamble t"
promotion rules for government employees,5,0.6518293023109436,CASE0063_CHUNK_0062,CASE0063,High Court Of Karnataka,"Mr. Dr. G Sai Abilash vs The State Of Karnataka on 22 April,","It must always be kept in mind that doctor's is a noble profession and the aim must be to serve humanity, otherwise this dignified profession will lose its true worth"" 19. A glimpse of impugned 2012 Act as amended by 2017 Act: (i) The impugned law has been enacted by the State Legislature vide Karnataka Act No. 26 of 2015 for the avowed purpose of providing ""for Compulsory Service by candidates completed medical courses before award of degrees or post-graduate degrees or diplomas"" the Preamble t"
regularization of service,1,0.6171422004699707,CASE0117_CHUNK_0056,CASE0117,High Court Of Tripura,"Sri Sajal Deb vs The State Of Tripura on 16 July, 2024","[15] Later on, the State Government in terms of above said judgment passed in Sri Sajal Deb (1st case) framed the impugned scheme for regularization of services of teachers appointed under SSA dividing them into following categories: Category Description I SSA contract teachers who have been qualified in the Tripura Teache Eligibility Test (T-TET) and have not joined as regular teachers till 23.02.2021 (i.e. date of Judgment & Order). II SSA contract teachers who were appointed on or after 03.09"
regularization of service,2,0.6171422004699707,CASE0116_CHUNK_0056,CASE0116,High Court Of Tripura,"Sri Sajal Deb vs The State Of Tripura on 16 July, 2024","[15] Later on, the State Government in terms of above said judgment passed in Sri Sajal Deb (1st case) framed the impugned scheme for regularization of services of teachers appointed under SSA dividing them into following categories: Category Description I SSA contract teachers who have been qualified in the Tripura Teache Eligibility Test (T-TET) and have not joined as regular teachers till 23.02.2021 (i.e. date of Judgment & Order). II SSA contract teachers who were appointed on or after 03.09"
regularization of service,3,0.616468071937561,CASE0133_CHUNK_0003,CASE0133,High Court Of Tripura,The State Of Tripura And Others vs Sri Bipul Ranjan De And,"Introduction of a new scheme titled Assured Career Progression (ACP) Scheme with effect from 1st January, 2006 replacement of existing CAS introduced under TSCS (Revised Pay) Rules, 1999.- (1) Under the new scheme (A.C.P.), all Government employees in PB-1, PB-2 & PB-3 shall be entitled to get a maximum of three financial upgradations, the first after 10 years of service under regular scale, 2nd after another 7 years of service (total 17 years) and 3rd after further 8 years of service (total 25 "
regularization of service,4,0.6161431074142456,CASE0117_CHUNK_0034,CASE0117,High Court Of Tripura,"Sri Sajal Deb vs The State Of Tripura on 16 July, 2024","or S.F."" Similarly, for recruitment for appointment to the post of Assistant Teachers, Secondary Schools under Education Department, a separate recruitment rules was notified vide No.F.25(1)-E/70(EC) dated 26.01.1971 and as per said Rules, followings were the required educational for such appointments: ""A. (I) For the scale of Rs.225-475/- and Rs.350-550/- (for existing incumbents only). Trained Honors graduate and trained Masters Degree holders. Untrained Honors graduate and Masters Degree hold"
regularization of service,5,0.6161431074142456,CASE0116_CHUNK_0034,CASE0116,High Court Of Tripura,"Sri Sajal Deb vs The State Of Tripura on 16 July, 2024","or S.F."" Similarly, for recruitment for appointment to the post of Assistant Teachers, Secondary Schools under Education Department, a separate recruitment rules was notified vide No.F.25(1)-E/70(EC) dated 26.01.1971 and as per said Rules, followings were the required educational for such appointments: ""A. (I) For the scale of Rs.225-475/- and Rs.350-550/- (for existing incumbents only). Trained Honors graduate and trained Masters Degree holders. Untrained Honors graduate and Masters Degree hold"
NDPS Act bail,1,0.6601647734642029,CASE0057_CHUNK_0014,CASE0057,High Court Of Tripura,"Md. Dudhu Miah vs The State Of Tripura on 19 June, 2024","Dudhu Miah vs The State Of Tripura on 19 June, 2024 30) prepared PW 30 99 Exhibit P-40/1 Signature of PW 30 in the Final Medical report of the (PW30) victim dated 18.12.2021 100 Exhibit P-41(as a Information in writing dated 24."
NDPS Act bail,2,0.6597738265991211,CASE0121_CHUNK_0021,CASE0121,High Court Of Sikkim,"State Of Sikkim vs Suresh Pradhan on 8 July, 2024",The offences of rape for which charges were framed against the Respondent have been reduced to a minor offence in consequence of the evidence on record. The Respondent is acquitted of the following offences; (a) under Section 5(n) punishable under Section 6 of the POCSO Act; (b) under Section 9(l) punishable under Section 10 of the POCSO Act; (c) under Section 9(n) punishable under Section 10 of the POCSO Act; (d) under Section 354 of the IPC. (e) under Section 376(2)(f) of the IPC; and (f) unde
NDPS Act bail,3,0.6572234630584717,CASE0122_CHUNK_0037,CASE0122,,"State Of U.P. vs Tulsi Ram on 30 April, 2026","Therefore, the appeal is accordingly allowed. Judgment and order dated 31.03.1986 is hereby set-aside and the accused Jagat Pal and Harnaam are held guilty for commission of offence under Section 304 Part II/34 IPC and Section 323/34 IPC. Accused Jagat Pal and Harnaam are on bail. Their bail bonds are cancelled and sureties stand discharged. They be taken in custody. Their non bailable warrants be issued through Chief Judicial State Of U.P. vs Tulsi Ram on 30 April, 2026 Magistrate concerned to "
NDPS Act bail,4,0.6568518877029419,CASE0095_CHUNK_0060,CASE0095,,Samta Nagar Co-Operative Housing ... vs Municipal Corporation,"A perusal bdp wp-1699.16(j).doc of the NOC dated 1st July, 2014 read with Letter of Offers issued from time to time by the MHADA clearly indicates that the petitioners were required to carry out construction of large number of tenaments of all the structures originally constructed by MHADA. The scheme of redevelopment/rehabilitation under notification dated 6th December, 2008 has to be read with the Housing Policy which was translated into the said notification dated 6th December, 2008. In our v"
NDPS Act bail,5,0.655290961265564,CASE0095_CHUNK_0033,CASE0095,,Samta Nagar Co-Operative Housing ... vs Municipal Corporation,"It is submitted by the learned counsel for the respondent no.2 that in view of the petitioners offering larger area than the actual area of various tenaments in possession of the tenants/occupants/holders in the building constructed by MHADA, the status of those tenants/ occupants/holders as EWS/LIG/MIG has changed. The original status as EWS/LIG MIG is lost. The relaxation from payment of premium which could be available only if the tenaments would have been constructed by MHADA itself from ope"
murder conviction,1,0.5034009218215942,CASE0105_CHUNK_0128,CASE0105,High Court Of Karnataka,Shrishail S/O. Madivalappa Ganiger vs The State Of Karnataka,"Under the category of unlawful homicides, both, the cases of culpable homicide amounting to murder and those not amounting to murder would fall. Culpable homicide is not murder when Shrishail S/O. Madivalappa Ganiger vs The State Of Karnataka on 16 March, 2026 the case is brought within the five exceptions to Section 300 of the IPC. But, even though none of the said five exceptions are pleaded or prima facie established - 126 - NC: 2026:KHC-D:4097-DB HC-KAR on the evidence on record, the prosecu"
murder conviction,2,0.5034009218215942,CASE0104_CHUNK_0128,CASE0104,High Court Of Karnataka,Shrishail S/O. Madivalappa Ganiger vs The State Of Karnataka,"Under the category of unlawful homicides, both, the cases of culpable homicide amounting to murder and those not amounting to murder would fall. Culpable homicide is not murder when Shrishail S/O. Madivalappa Ganiger vs The State Of Karnataka on 16 March, 2026 the case is brought within the five exceptions to Section 300 of the IPC. But, even though none of the said five exceptions are pleaded or prima facie established - 126 - NC: 2026:KHC-D:4097-DB HC-KAR on the evidence on record, the prosecu"
murder conviction,3,0.49954551458358765,CASE0105_CHUNK_0053,CASE0105,High Court Of Karnataka,Shrishail S/O. Madivalappa Ganiger vs The State Of Karnataka,"Hence, on the basis of all these aspects, Advocate for the accused has prayed that this is a case of culpable homicide not amounting to murder and it squarely falls in Explanation of Section 300 of IPC, wherein the accused has - 51 - NC: 2026:KHC-D:4097-DB HC-KAR used his right of self-defence to protect himself and committed crime. He has relied upon the decision reported in 2001 (1) Kar. 255 (DB) in the case of State of Karnataka Vs. Kukkappa wherein it is held as under; Indian Penal Code, 186"
murder conviction,4,0.49954551458358765,CASE0104_CHUNK_0053,CASE0104,High Court Of Karnataka,Shrishail S/O. Madivalappa Ganiger vs The State Of Karnataka,"Hence, on the basis of all these aspects, Advocate for the accused has prayed that this is a case of culpable homicide not amounting to murder and it squarely falls in Explanation of Section 300 of IPC, wherein the accused has - 51 - NC: 2026:KHC-D:4097-DB HC-KAR used his right of self-defence to protect himself and committed crime. He has relied upon the decision reported in 2001 (1) Kar. 255 (DB) in the case of State of Karnataka Vs. Kukkappa wherein it is held as under; Indian Penal Code, 186"
murder conviction,5,0.4966694116592407,CASE0104_CHUNK_0131,CASE0104,High Court Of Karnataka,Shrishail S/O. Madivalappa Ganiger vs The State Of Karnataka,"Even though, A-3 might not have had the common intention to commit the murder, nevertheless, his participation in the assault and the wielding of the stone certainly makes him culpable for the offence that he has - 129 - Shrishail S/O. Madivalappa Ganiger vs The State Of Karnataka on 16 March, 2026 NC: 2026:KHC-D:4097-DB HC-KAR committed. While we acquit A-3 of the offence under Section 302 read with Section 34 of the IPC, he is liable for the offence under 304 Part II IPC. The law on Section 30"
anticipatory bail,1,0.4907573163509369,CASE0019_CHUNK_0002,CASE0019,High Court Of Karnataka,Brigadier Maletira A Devaiah (Retd.) vs State Of Karnataka on 25,
anticipatory bail,2,0.4907573163509369,CASE0014_CHUNK_0002,CASE0014,High Court Of Karnataka,Bdk Valves Private Limited vs Shrikant Kallappa Sullad on 19,
anticipatory bail,3,0.4907573163509369,CASE0013_CHUNK_0002,CASE0013,High Court Of Karnataka,Bdk Valves Private Limited vs Shrikant Kallappa Sullad on 19,
anticipatory bail,4,0.4907573163509369,CASE0012_CHUNK_0002,CASE0012,High Court Of Karnataka,Bdk Valves Private Limited vs Parameshwar Basavanneppa,
anticipatory bail,5,0.4907573163509369,CASE0011_CHUNK_0002,CASE0011,High Court Of Karnataka,Bdk Valves Private Limited vs Parameshwar Basavanneppa,
land acquisition compensation,1,0.5514694452285767,CASE0020_CHUNK_0059,CASE0020,High Court Of Gujarat,"Champaklal Naranji Patel vs State Of Gujarat on 27 April, 2026","Although land can be acquired outright for laying pipelines under the Land Acquisition Act, 1894, the procedure for such acquisition is long drawn and costly. Since the water and gas pipeline will be laid undergroun outright acquisition of land is not necessary. Therefore case of water and gas pipelines, it is considered suffic acquire the mere right of user in the land for laying an maintaining the pipelines. This Bill seeks to achieve th aforesaid objects. The main features of the Bill are- (i"
land acquisition compensation,2,0.5474132299423218,CASE0020_CHUNK_0058,CASE0020,High Court Of Gujarat,"Champaklal Naranji Patel vs State Of Gujarat on 27 April, 2026","C/SCA/15368/2010 CAV 28/01/2026 in R/SCA/15368/2010 (ii) When final declaration about ac made, the right to use land for the laying pipelines will vest in the Ce Government, State Governmen corporation, as the case m notwithstanding such acquisition, th occupier of the land shall be entitl land for the purpose for which such to use immediately before the declar Central Government. But after the da acquisition, he shall not construct any other structure or construct or tank, well, reservoir or da"
land acquisition compensation,3,0.5430119633674622,CASE0144_CHUNK_0053,CASE0144,High Court At Calcutta,West Bengal Mineral Development And ... vs Trans Damodar,"vs Trans Damodar Coal Mining Pvt. Ltd on 7 May, 2026 13.1."
land acquisition compensation,4,0.5401463508605957,CASE0020_CHUNK_0112,CASE0020,High Court Of Gujarat,"Champaklal Naranji Patel vs State Of Gujarat on 27 April, 2026","There is a need to provide for land acquisition provi the Railways Act, 1989 to empower the Central Government in the Ministry of Railways for land acquisition on fast basis for the special railway projects on the lines of t Champaklal Naranji Patel vs State Of Gujarat on 27 April, 2026 acquisition provisions available in the National Highway 1956. It has been the experience that a large number of dis relating to compensation amount for land acquisition are brought before the courts of law. Ofte"
land acquisition compensation,5,0.5401102900505066,CASE0020_CHUNK_0111,CASE0020,High Court Of Gujarat,"Champaklal Naranji Patel vs State Of Gujarat on 27 April, 2026","The fact that RERA is in addition to and not in derogation of the provisions of an other law for the time being in force, also makes it clea the remedies under RERA to allottees were intended to be additional and not exclusive remedies. Also, it is import remember that as the authorities under RERA were to be se up within one year from 1-5-2016, remedies before those authorities would come into effect only on and from 1-5-2 making it clear that the provisions of the Code, which ca into force on "
title dispute,1,0.4894431531429291,CASE0083_CHUNK_0007,CASE0083,,,"In response, the learned counsel for the respondent/landlord submitted that TNRRRLT Act, 2017 has replaced Tamil Nadu Buildings (Lease and Rent Control) Act by repeal. After this 10/31 C.R.P.(N.P.D).No.1996 of 2021 Act came into force, no person was allowed to take any premises on rent except by written agreement. In the case before hand, the respondent sent a notice to the petitioner requiring him to enter into a tenancy agreement. However, the petitioner refused to enter into the tenancy agree"
title dispute,2,0.4891394078731537,CASE0123_CHUNK_0003,CASE0123,,,"6.The first defendant resisted the plaintiff's suit by filing the written statement and additional written statement and according to him, the suit laid by the plaintiff is not legally sustainable and the suit properties are not the self-acquired properties of the deceased Ramasamy Gounder."
title dispute,3,0.4875795245170593,CASE0071_CHUNK_0174,CASE0071,,Oriental Floric Culture Llp vs D. Dayabhai And Co. Pvt. Ltd. And,"Kindly read the present note together with the comments made in red by R1 in the modified dates and events tendered in the court during the course of oral argument by the counsel of R1. Whereas in view of these facts, Writ Petition No.3205 of 2018 needs to be rejected as per MRT judgement. Sunny Thote 258 of 373 WP-10024-2023.odt ANNEXURE 'D' STATE OF MAHARASHTRA VS D DAYABHAI AND CO PVT LTD WP/3205/2018 PART 1 - PARTIES IN THE WP MODIFICATION/ADDITIONS MADE BY R1 Oriental Floric Culture Llp vs "
title dispute,4,0.4862501919269562,CASE0139_CHUNK_0027,CASE0139,High Court Of Sikkim,Uwendra Thapa @Nordy And Another vs Tsewang Dorjee,"vs. Shri Tsewang Dorjee Rinzing & Ors. Issue No. 5: Whether the suit property was erroneously mortgaged by defendant nos. 1 and 2 with defendant no. 3 or not? The next question therefore which is needed to be answered is whether the defendants no.1 and 2 had erroneously mortgaged the suit land with defendant no.3. Admittedly, the suit land was owned by late Sarita Thapa. During cross-examination, the plaintiff admitted that the defendant no.1 was her heir and entitled to inherit her property. Th"
title dispute,5,0.4832996129989624,CASE0071_CHUNK_0244,CASE0071,,Oriental Floric Culture Llp vs D. Dayabhai And Co. Pvt. Ltd. And,"By Order dated 27th March 2015, the District Collector, Thane stayed the said Order of the Thane Sub-Divisional Officer. [Exhibit I to Additional Affidavit of Respondent No.2 LR's dated 21 st Sunny Thote 340 of 373 WP-10024-2023.odt September 2023, pg. 568 at pg. By letter dated 9th July 2015, the Divisional Commissioner (Konkan Division) directed the District Collector to vacate the stay on the said Order of the Sub-Divisional Officer. [Exhibit J to Additional Affidavit of Respondent No.2 LR's "
labour dispute reinstatement,1,0.5885261297225952,CASE0144_CHUNK_0053,CASE0144,High Court At Calcutta,West Bengal Mineral Development And ... vs Trans Damodar,"vs Trans Damodar Coal Mining Pvt. Ltd on 7 May, 2026 13.1."
labour dispute reinstatement,2,0.5481551289558411,CASE0092_CHUNK_0032,CASE0092,High Court Of Chhattisgarh,"S. K. Pradhani vs Union Of India on 24 March, 2026","In consequence thereof, the petitioners shall be entitled to reinstatement in service. However, having regard to the facts and circumstances of the case, including the period during which they remained out of service, this Court deems it appropriate to deny back wages. The period from the date of removal till reinstatement shall be treated for all other service benefits, including continuity of service and retiral benefits, but without monetary back wages. The writ petition is accordingly allowe"
labour dispute reinstatement,3,0.541185736656189,CASE0014_CHUNK_0104,CASE0014,High Court Of Karnataka,Bdk Valves Private Limited vs Shrikant Kallappa Sullad on 19,"In view of the settled legal position that Section 10 is inapplicable to the proceedings under the Act and further considering the impugned order is interlocutory in nature, it does not warrant interference under writ jurisdiction. These petitions merit rejection and accordingly, they stand rejected. Considering the nature of dispute and the hardship of the workmen facing loss of livelihood, the Labour Court is directed to endeavour to decide the pending reference, along with the disputes within"
labour dispute reinstatement,4,0.541185736656189,CASE0013_CHUNK_0104,CASE0013,High Court Of Karnataka,Bdk Valves Private Limited vs Shrikant Kallappa Sullad on 19,"In view of the settled legal position that Section 10 is inapplicable to the proceedings under the Act and further considering the impugned order is interlocutory in nature, it does not warrant interference under writ jurisdiction. These petitions merit rejection and accordingly, they stand rejected. Considering the nature of dispute and the hardship of the workmen facing loss of livelihood, the Labour Court is directed to endeavour to decide the pending reference, along with the disputes within"
labour dispute reinstatement,5,0.5376426577568054,CASE0012_CHUNK_0104,CASE0012,High Court Of Karnataka,Bdk Valves Private Limited vs Parameshwar Basavanneppa,"In view of the settled legal position that Section 10 is inapplicable to the proceedings under the Act and further considering the impugned order is interlocutory in nature, it does not warrant interference under writ jurisdiction. These petitions merit rejection and accordingly, they stand rejected. Considering the nature of dispute and the hardship of the workmen facing loss of livelihood, the Labour Court is directed to endeavour to decide the pending reference, along with the disputes within"
divorce on cruelty,1,0.6210211515426636,CASE0125_CHUNK_0091,CASE0125,Supreme Court Of India,"Sukanya Shantha vs Union Of India on 3 October, 2024","PART XIII NOTE:- When there are more prisoners eligible, for employment outside the prison than are actually required, casuals and men with the shortest unexpired terms should be selected in preference to others. Classes of convicted prisoners and their treatment - (1): As mentioned in rule 216 supra, convicted prisoners are divided into three divisions namely classes A, B and C. (2) Prisoners shall be treated as ""A"" Class if- (i) They are non-habitual prisoners of good character; (ii) They by s"
divorce on cruelty,2,0.615286648273468,CASE0043_CHUNK_0028,CASE0043,Supreme Court Of India,Kaushal Kishor vs The State Of Uttar Pradesh Govt. Of U.P. ...,"Decency and morality professing and practicing deliberate intent to wound different religious religious feelings. Section 351 of the IPC - 1. Public Order Individual Persons - Assault. The definition of 2. Decency and morality Protection from Criminal assault includes some Force. utterances, as seen from the Explanation under the Section. Explanation: Mere words do not amount to an assault. But the words which a person uses may give to his gestures or preparation such a meaning as may make those"
divorce on cruelty,3,0.6147118806838989,CASE0067_CHUNK_0013,CASE0067,Supreme Court Of India,"Naim Ahamed vs State (Nct Of Delhi) on 30 January, 2023","After duly examining the record in the light of the submissions made by the learned counsels for the parties, following facts have emerged: - (i) Prosecutrix was a married woman having three children. (ii) Accused was staying in a tenanted premises situated in front of the house of the prosecutrix. (iii) Though initially hesitant, the prosecutrix developed liking for the accused, and both started having sexual relationship with each other. (iv) The prosecutrix delivered a male child on 28/10/201"
divorce on cruelty,4,0.6119884252548218,CASE0125_CHUNK_0095,CASE0125,Supreme Court Of India,"Sukanya Shantha vs Union Of India on 3 October, 2024","Separation of categories - Subject to the availability of accommodation, the prisoners; shall be segregated as follows: (a) ""A"" class prisoners from ""B"" class prisoners; (b) Civil prisoner from Criminal prisoners; (c) Female prisoners from male prisoners; (d) Adult prisoners from adolescents; (e) Convicted prisoners from undertrial prisoners; Sukanya Shantha vs Union Of India on 3 October, 2024 (f) Habitual prisoners from non-habitual prisoners; (g) Prisoners suffering from communicable diseases"
divorce on cruelty,5,0.6111671924591064,CASE0125_CHUNK_0097,CASE0125,Supreme Court Of India,"Sukanya Shantha vs Union Of India on 3 October, 2024","Classes of prisoners: (1) As mentioned in rule 217, convicted prisoners are divided into two divisions or classes, A and B. (i) prisoners shall be eligible for class A, if they by social status, education or habit of life have been accustomed to a superior mode of living, Habitual prisoners may at the discretion of the classifying authority , be included under this class on grounds of character and antecedents. (ii) Class B shall consist of prisoners who ate not classified in Class A. (iii) Notw"
child custody,1,0.4852866530418396,CASE0125_CHUNK_0120,CASE0125,Supreme Court Of India,"Sukanya Shantha vs Union Of India on 3 October, 2024","257 It covers a range of aspects relating to prisons, including institutional framework, custodial management, medical care, education and training of prisoners, maintenance of prisoners, emergency situations, remission, parole, premature releases and inspection of prisons, among other things. The Model Prison Manual 2016 also focuses on ""prison computerization, special provisions for women prisoners, focus on after care services, rights of prisoners sentenced to death, repatriation of prisoners"
child custody,2,0.48250293731689453,CASE0057_CHUNK_0014,CASE0057,High Court Of Tripura,"Md. Dudhu Miah vs The State Of Tripura on 19 June, 2024","Dudhu Miah vs The State Of Tripura on 19 June, 2024 30) prepared PW 30 99 Exhibit P-40/1 Signature of PW 30 in the Final Medical report of the (PW30) victim dated 18.12.2021 100 Exhibit P-41(as a Information in writing dated 24."
child custody,3,0.47726595401763916,CASE0067_CHUNK_0013,CASE0067,Supreme Court Of India,"Naim Ahamed vs State (Nct Of Delhi) on 30 January, 2023","After duly examining the record in the light of the submissions made by the learned counsels for the parties, following facts have emerged: - (i) Prosecutrix was a married woman having three children. (ii) Accused was staying in a tenanted premises situated in front of the house of the prosecutrix. (iii) Though initially hesitant, the prosecutrix developed liking for the accused, and both started having sexual relationship with each other. (iv) The prosecutrix delivered a male child on 28/10/201"
child custody,4,0.4759533703327179,CASE0081_CHUNK_0010,CASE0081,,"Rajesh Kumar Sharma vs C.B.I. on 9 December, 2022","This court is of the opinion that the issue is not whether Section 438 is an Rajesh Kumar Sharma vs C.B.I. on 9 December, 2022 intrinsic element of Article 21 it is rather whether that provision is part of fair procedure. As to that there can be no doubt that the provision for anticipatory bail is proliberty and enables one anticipating arrest a facility of approaching the court fora direction that he or she not be arrested it was specifically enacted as a measure of protection against arbitrary"
child custody,5,0.4759025573730469,CASE0033_CHUNK_0004,CASE0033,High Court Of Sikkim,"Ganesh Tamang vs State Of Sikkim on 19 June, 2024","Any one of the placards is primary evidence of the contents of any other, but no one of them is primary evidence of the contents of the original."" This provision which deals with primary evidence is self explanatory. Ganesh Tamang vs. State of Sikkim (iii) Section 63 of the Evidence Act defines secondary evidence and reads as follows; ""63. Secondary evidence.--Secondary evidence means and includes-- (1) certified copies given under the provisions hereinafter contained; (2) copies made from the o"
breach of contract,1,0.6133530139923096,CASE0087_CHUNK_0018,CASE0087,,Re Suo Motu Cognizance Taken By The Court ... vs The State Of,"-No person shall construct, or commence to construct, any building or any structure of a permanent nature or execute any of the work relating to construction of building including addition, alteration or modification of an existing building in any municipal area, save and except in accordance with building bye-law. Sanction of building plan. -No persons shall construct or commence to construct, any building or structure of permanent nature or execute any work relating to construction of building"
breach of contract,2,0.6093778014183044,CASE0087_CHUNK_0019,CASE0087,,Re Suo Motu Cognizance Taken By The Court ... vs The State Of,Provided further that the penalty under this Section shall be in addition to any other fine provided under this Act including fine for compounding as may be provided under building bye-law. Building plan prepared by registered Architect to be submitted to the competent authority. -(1) Every registered Architect who prepares a building construction plan shall within seven days from approving the plan submit detail of construction plan along with approval granted by him to the Chief Municipal Offi
breach of contract,3,0.6090335249900818,CASE0105_CHUNK_0007,CASE0105,High Court Of Karnataka,Shrishail S/O. Madivalappa Ganiger vs The State Of Karnataka,"Exception 1: When culpable homicide is not murder.-- Culpable homicide is not murder if the offender, whilst deprived of the power of self-control by grave and sudden provocation, causes the death of the person who gave the provocation or causes the death of any other person by mistake or accident. Exception 2: Culpable Homicide is not murder if the offender, in the exercise in good faith of the right of private defence of person or property, exceeds the power given to him by law and causes the "
breach of contract,4,0.6090335249900818,CASE0104_CHUNK_0007,CASE0104,High Court Of Karnataka,Shrishail S/O. Madivalappa Ganiger vs The State Of Karnataka,"Exception 1: When culpable homicide is not murder.-- Culpable homicide is not murder if the offender, whilst deprived of the power of self-control by grave and sudden provocation, causes the death of the person who gave the provocation or causes the death of any other person by mistake or accident. Exception 2: Culpable Homicide is not murder if the offender, in the exercise in good faith of the right of private defence of person or property, exceeds the power given to him by law and causes the "
breach of contract,5,0.6082621812820435,CASE0076_CHUNK_0012,CASE0076,,"Page No.# 1/93 vs Girikanta Mahanta And 5 Ors on 18 February,","The Act of 1988 therefore provides the necessity of a Scheme to be made by the Central Government in terms with Section 161 (3) of the Act of 1988. Section 164 of the Act of 1988 stipulates payment of compensation in case of death or grievous hurt, etc. The said Section being relevant is reproduced herein under:- ""164. Payment of compensation in case of death or grievous hurt, etc. - (1) Notwithstanding anything contained in this Act or in any other law for the time being in force or instrument "
GST assessment,1,0.5185040831565857,CASE0019_CHUNK_0002,CASE0019,High Court Of Karnataka,Brigadier Maletira A Devaiah (Retd.) vs State Of Karnataka on 25,
GST assessment,2,0.5185040831565857,CASE0014_CHUNK_0002,CASE0014,High Court Of Karnataka,Bdk Valves Private Limited vs Shrikant Kallappa Sullad on 19,
GST assessment,3,0.5185040831565857,CASE0013_CHUNK_0002,CASE0013,High Court Of Karnataka,Bdk Valves Private Limited vs Shrikant Kallappa Sullad on 19,
GST assessment,4,0.5185040831565857,CASE0012_CHUNK_0002,CASE0012,High Court Of Karnataka,Bdk Valves Private Limited vs Parameshwar Basavanneppa,
GST assessment,5,0.5185040831565857,CASE0011_CHUNK_0002,CASE0011,High Court Of Karnataka,Bdk Valves Private Limited vs Parameshwar Basavanneppa,
disciplinary proceedings,1,0.5275615453720093,CASE0135_CHUNK_0062,CASE0135,High Court Of Delhi,"Tommorrowland Limited vs Hdfc Bank Ltd on 20 February, 2026","Once a discharge of the surety takes effect in law, the subsequent invocation of contractual machinery provisions cannot resuscitate a liability which no longer exists. To hold otherwise would amount to elevating procedural form over substantive statutory rights, and would impermissibly allow contractual processes to override, dilute, or defeat the mandatory protections enacted by the legislature under the IC Act. Before parting with the matter, it is necessary to emphasise that, in examining an"
disciplinary proceedings,2,0.5260117650032043,CASE0125_CHUNK_0082,CASE0125,Supreme Court Of India,"Sukanya Shantha vs Union Of India on 3 October, 2024","The Statement of Objects and Reasons stated that four different Acts were in force for the regulation of prisons, which were different on important points such as the enumerated jail offences and their punishments, and were thus resulting in divergent jail management systems across provinces, non-uniform enforcement of sentences, and lack of administrative uniformity. 147 The Act provided for various aspects of prison administration including maintenance of prisons, officers of prisons, duties o"
disciplinary proceedings,3,0.5254331231117249,CASE0128_CHUNK_0011,CASE0128,High Court At Calcutta,"Suvra Kumar Dey vs The State Of West Bengal & Ors on 5 May,","Biswanath Mukherjee reported at 1974 CLJ 251 P a g e I 14 Findings and decision: 25) In both the orders dated January 16, 2020 and June 19, 2024, the Managing Director of the respondent Corporation has substantially founded his decision in evidentiary gaps, procedural compliance, and consistency of findings. The most compelling point is absence of primary or best evidence. The original pension option form is not available in official records. In administrative and evidentiary law, primary docume"
disciplinary proceedings,4,0.5220358371734619,CASE0048_CHUNK_0067,CASE0048,High Court Of Delhi,M/S Huawei Telecommunications (India) ... vs Assistant,"The stand of the Revenue is that in view of the Distribution Agreement between the petitioner and the Associated Enterprise, the petitioner is a limited risk distributor of the Associated Enterprise, and the provisions made anticipating customer claims and warranty claims are to be reimbursed by the Associated Enterprise. In that sense, the provisions are receivables at the hand of the petitioner, in the nature of assets. However, as per the petitioner, there is no contractual agreement for any "
disciplinary proceedings,5,0.5213603377342224,CASE0033_CHUNK_0003,CASE0033,High Court Of Sikkim,"Ganesh Tamang vs State Of Sikkim on 19 June, 2024","Thought the I.O has not produced the original birth certificate, it can be safely concluded that her date of birth is indeed 22.02.1999 due to Ganesh Tamang vs. State of Sikkim the fact that the Registrar of Births and Deaths (PW-5) found the entries made in Document „A€ matched with the entries made in the original live birth register maintained in his office. He has prepared a report marked Exhibit-3 after verification. ................"" The appreciation of the documentary evidence by the Lear"
admissibility of evidence,1,0.6213693022727966,CASE0111_CHUNK_0030,CASE0111,High Court Of Tripura,"Sri Bhaskar Debbarma vs The State Of Tripura on 22 May, 2024","However, for the secondary evidence, procedure of Section 65B of the Evidence Act was required to be followed and a contrary view taken in Navjot Sandh (supra) that secondary evidence of electronic record could be covered under Sections 63 and 65 of the Evidence Act, was not correct. There are, however, observations in para 14 to the effect that electronic Sri Bhaskar Debbarma vs The State Of Tripura on 22 May, 2024 record can be proved only as per Section 65B of the Evidence Act. Though in view"
admissibility of evidence,2,0.6186749935150146,CASE0146_CHUNK_0014,CASE0146,High Court Of Sikkim,"Xxx vs State Of Sikkim on 25 September, 2024","""Evidence"" under the Act is the means, factor or material, lending a degree of probability through a logical inference to the existence of a fact. It is an ""adjective law"" highlighting and aiding substantive law. Thus, it is neither wholly procedural nor substantive, though trappings of both could be felt. (2022) 12 SCC 200 xxxx (name redacted) vs. State of Sikkim 13. The definition of the word ""proved"" though gives an impression of a mere interpretation, in effect, is the heart and soul of the "
admissibility of evidence,3,0.6165257692337036,CASE0033_CHUNK_0003,CASE0033,High Court Of Sikkim,"Ganesh Tamang vs State Of Sikkim on 19 June, 2024","Thought the I.O has not produced the original birth certificate, it can be safely concluded that her date of birth is indeed 22.02.1999 due to Ganesh Tamang vs. State of Sikkim the fact that the Registrar of Births and Deaths (PW-5) found the entries made in Document „A€ matched with the entries made in the original live birth register maintained in his office. He has prepared a report marked Exhibit-3 after verification. ................"" The appreciation of the documentary evidence by the Lear"
admissibility of evidence,4,0.6138663291931152,CASE0111_CHUNK_0031,CASE0111,High Court Of Tripura,"Sri Bhaskar Debbarma vs The State Of Tripura on 22 May, 2024","The expression ""data"" is defined in Section 2(o) of the Information Technology Act as follows: ""2(1)(o) ""Data"" means a representation of information, knowledge, facts, concepts or instructions which are being prepared or have been prepared in a formalised manner, and is intended to be processed, is being processed or has been processed in a computer system or computer network, and may be in any form (including computer printouts magnetic or optical storage media, punched cards, punched tapes) or"
admissibility of evidence,5,0.613070011138916,CASE0033_CHUNK_0004,CASE0033,High Court Of Sikkim,"Ganesh Tamang vs State Of Sikkim on 19 June, 2024","Any one of the placards is primary evidence of the contents of any other, but no one of them is primary evidence of the contents of the original."" This provision which deals with primary evidence is self explanatory. Ganesh Tamang vs. State of Sikkim (iii) Section 63 of the Evidence Act defines secondary evidence and reads as follows; ""63. Secondary evidence.--Secondary evidence means and includes-- (1) certified copies given under the provisions hereinafter contained; (2) copies made from the o"
injunction order,1,0.5903013348579407,CASE0019_CHUNK_0002,CASE0019,High Court Of Karnataka,Brigadier Maletira A Devaiah (Retd.) vs State Of Karnataka on 25,
injunction order,2,0.5903013348579407,CASE0014_CHUNK_0002,CASE0014,High Court Of Karnataka,Bdk Valves Private Limited vs Shrikant Kallappa Sullad on 19,
injunction order,3,0.5903013348579407,CASE0013_CHUNK_0002,CASE0013,High Court Of Karnataka,Bdk Valves Private Limited vs Shrikant Kallappa Sullad on 19,
injunction order,4,0.5903013348579407,CASE0012_CHUNK_0002,CASE0012,High Court Of Karnataka,Bdk Valves Private Limited vs Parameshwar Basavanneppa,
injunction order,5,0.5903013348579407,CASE0011_CHUNK_0002,CASE0011,High Court Of Karnataka,Bdk Valves Private Limited vs Parameshwar Basavanneppa,
forest land,1,0.5283586382865906,CASE0019_CHUNK_0075,CASE0019,High Court Of Karnataka,Brigadier Maletira A Devaiah (Retd.) vs State Of Karnataka on 25,"In the jamma tenure, as the bane is included in the sanad, it is virtually a part of the property. In the sagu tenure, there is no sanad but the attached area of bane must be held and used subject to the same conditions. Under these circumstances, the bane cannot be regarded as actually the property of the tenure holder, nor, on the other hand, as land at the disposal of Government. It is which is held as an appendage to a warg or estate, or to a sagu holding, in a sort of trust, or on condition"
forest land,2,0.5263197422027588,CASE0071_CHUNK_0102,CASE0071,,Oriental Floric Culture Llp vs D. Dayabhai And Co. Pvt. Ltd. And,"Ltd. Thirdly, the said notice was admittedly received by Mr. Chimanlal Shah, the accountant of D. Sunny Thote 158 of 373 WP-10024-2023.odt Dahyabhai and Co. He was not an employee of the land Oriental Floric Culture Llp vs D. Dayabhai And Co. Ltd. And Ors on 20 February, 2026 owner. So also, the State has been unable to point out that the notice was published in the State Gazette. It is also undisputed that 14 acres of land was already transferred to different persons much prior to the issuance "
forest land,3,0.5256958603858948,CASE0019_CHUNK_0026,CASE0019,High Court Of Karnataka,Brigadier Maletira A Devaiah (Retd.) vs State Of Karnataka on 25,"Brigadier Maletira A Devaiah (Retd.) vs State Of Karnataka on 25 July, 2024 Such types of rights were never made available to the privileged or unprivileged Jamma Bane land holder during the time of Britishers after 1834 who administered Coorg nor during the time from 1899 when Coorg Regulation held the field and also never thereafter when 1964 Karnataka Act was enacted. Now the stage is reached for us to have a stock of the situation. The aforesaid discussion regarding the rights of the Bane la"
forest land,4,0.5227392911911011,CASE0141_CHUNK_0021,CASE0141,,Vijay Pal Singh And 12 Others vs State Of U.P. And 6 Others on,"And 6 Others on 28 April, 2026 (i) a family whose land or other immovable property has been acquired; (ii) a family which does not own any land but a member or members of such family may be agricultural labourers, tenants including any form of tenancy or holding of usufruct right, share-croppers or artisans or who may be working in the affected area for three years prior to the acquisition of the land, whose primary source of livelihood stand affected by the acquisition of land; (iii) the Schedu"
forest land,5,0.5223594307899475,CASE0020_CHUNK_0052,CASE0020,High Court Of Gujarat,"Champaklal Naranji Patel vs State Of Gujarat on 27 April, 2026","It is obvious that care i to cause least possible damage to the holdings of the concerned land-owners. According to Section 9, after the pipelines are laid, the owner/occupier could use the lan the purpose for which it was being used before the Notification under Section 3(1) was issued. Section 9 certainly, imposes some restrictions in the sense that s owner/occupier cannot thereafter construct any building Uploaded by BINA SHAH(HC00353) on Mon Apr 27 2026 D Champaklal Naranji Patel vs State Of"
reservation in admission,1,0.5332708954811096,CASE0019_CHUNK_0002,CASE0019,High Court Of Karnataka,Brigadier Maletira A Devaiah (Retd.) vs State Of Karnataka on 25,
reservation in admission,2,0.5332708954811096,CASE0014_CHUNK_0002,CASE0014,High Court Of Karnataka,Bdk Valves Private Limited vs Shrikant Kallappa Sullad on 19,
reservation in admission,3,0.5332708954811096,CASE0013_CHUNK_0002,CASE0013,High Court Of Karnataka,Bdk Valves Private Limited vs Shrikant Kallappa Sullad on 19,
reservation in admission,4,0.5332708954811096,CASE0012_CHUNK_0002,CASE0012,High Court Of Karnataka,Bdk Valves Private Limited vs Parameshwar Basavanneppa,
reservation in admission,5,0.5332708954811096,CASE0011_CHUNK_0002,CASE0011,High Court Of Karnataka,Bdk Valves Private Limited vs Parameshwar Basavanneppa,
pension benefits,1,0.5038759708404541,CASE0057_CHUNK_0014,CASE0057,High Court Of Tripura,"Md. Dudhu Miah vs The State Of Tripura on 19 June, 2024","Dudhu Miah vs The State Of Tripura on 19 June, 2024 30) prepared PW 30 99 Exhibit P-40/1 Signature of PW 30 in the Final Medical report of the (PW30) victim dated 18.12.2021 100 Exhibit P-41(as a Information in writing dated 24."
pension benefits,2,0.5026166439056396,CASE0131_CHUNK_0002,CASE0131,High Court Of Tripura,The Deputy Chief Engineer ... vs Smt. Gita Rani Dey And Others,"2018 is hereby confirmed. The claimants are at liberty to withdraw the amounts deposited unconditionally. Stay order, if any, stands vacated. Pending application(s), if any, also stands disposed of. CHIEF JUSTICE (ACTING) Pulak The Deputy Chief Engineer ... Gita Rani Dey And Others on 9 January, 2023"
pension benefits,3,0.5019956231117249,CASE0133_CHUNK_0003,CASE0133,High Court Of Tripura,The State Of Tripura And Others vs Sri Bipul Ranjan De And,"Introduction of a new scheme titled Assured Career Progression (ACP) Scheme with effect from 1st January, 2006 replacement of existing CAS introduced under TSCS (Revised Pay) Rules, 1999.- (1) Under the new scheme (A.C.P.), all Government employees in PB-1, PB-2 & PB-3 shall be entitled to get a maximum of three financial upgradations, the first after 10 years of service under regular scale, 2nd after another 7 years of service (total 17 years) and 3rd after further 8 years of service (total 25 "
pension benefits,4,0.4997498393058777,CASE0099_CHUNK_0005,CASE0099,High Court Of Meghalaya,Shri. Ashim Deb Roy & 6 Ors. vs . Union Of India & Anr. on 30,"The learned counsel in his submissions as observed earlier, has also made references to the various orders and Office Memorandum issued by the respondents with regard to the promotion and upgradation of the petitioners, as also the judgment passed by the Gauhati High Court, in WP(C) No. 3580/2018 (Bhagwan Ram Chauhan), whereby vide order dated 12.09.2018, it has been directed that, finalisation of pensionary dues, shall be on the basis of correct pay payable to the petitioner and not based upon "
pension benefits,5,0.49938541650772095,CASE0133_CHUNK_0004,CASE0133,High Court Of Tripura,The State Of Tripura And Others vs Sri Bipul Ranjan De And,"*** *** *** (5) The scheme envisages grant of only financial benefits (through financial upgradation) to the Govt. servant concerned on a person basis and shall, therefore, neither amount to functional/regular promotion nor would require creation of new posts for the purpose. *** *** *** (7) Only the benefit of fixation of pay will be available at the time of financial upgradation under this scheme. For this, an increase of one increment in the existing pay in his/her Pay Band (i.e. 2.5% of Band"
